{
  "Dice.jl": [
    0.000845792,
    0.000652667,
    0.000624459,
    0.0006645,
    0.000671042,
    0.000733166,
    0.000793916,
    0.000792083,
    0.000802916,
    0.000797166,
    0.000979792,
    0.001305875,
    0.001567667,
    0.001958959,
    0.002352083,
    0.002575125,
    0.003020292,
    0.004363125,
    0.005429041,
    0.013508417,
    0.015730833,
    0.041415125,
    0.046323417,
    0.062380834,
    0.073391042,
    0.092492542,
    0.110756875
  ],
  "Ours": [
    0.000826958,
    0.00039825,
    0.000460917,
    0.00051325,
    0.000621541,
    0.00072175,
    0.00062425,
    0.000641041,
    0.000704,
    0.000809,
    0.001326667,
    0.002154875,
    0.002815416,
    0.003981375,
    0.004713667,
    0.005989834,
    0.00718925,
    0.009195292,
    0.01058875,
    0.0404065,
    0.058242042,
    0.089594959,
    0.115569042,
    0.182057084,
    0.210572125,
    0.28554925,
    0.356546584
  ],
  "Enum": [
    0.000187375,
    0.000269958,
    0.000449667,
    0.001256084,
    0.002116916,
    0.003868667,
    0.008243916,
    0.017329584,
    0.039900125,
    0.092827292,
    0.193275166,
    0.418625751,
    0.899373334,
    2.010299251,
    4.556532211
  ]
}
