{
  "Dice.jl": [
    0.002124125,
    0.001005375,
    0.000985084,
    0.000917458,
    0.000987167,
    0.000983542,
    0.001069291,
    0.00109075,
    0.001191209,
    0.001262083,
    0.001996166,
    0.002922875,
    0.003881417,
    0.005032416,
    0.006133917,
    0.007466125,
    0.009153959,
    0.014163916,
    0.013847,
    0.052873624999999994,
    0.092212042,
    0.142016042,
    0.187350667,
    0.26395325,
    0.354367917,
    0.451907375,
    0.5433304169999998,
    0.645986709,
    0.774216292,
    1.041776292,
    1.094833043
  ],
  "Ours": [
    0.000605792,
    0.000585375,
    0.000610791,
    0.000725083,
    0.000821375,
    0.000961958,
    0.000956083,
    0.000999834,
    0.001142459,
    0.001249792,
    0.003008042,
    0.005752917,
    0.00975625,
    0.015531792,
    0.026237959,
    0.031441875,
    0.041432584,
    0.05668275,
    0.069887334,
    0.371860917,
    0.651439334,
    0.899674167,
    1.290067208,
    1.748000834,
    2.218194585,
    2.965745169,
    3.57480046,
    4.186442334,
    5.635518045,
    6.657288295,
    7.981305545
  ],
  "Enum": [
    0.0002325,
    0.000242041,
    0.000331167,
    0.000503209,
    0.000860167,
    0.001623166,
    0.00312525,
    0.006274791,
    0.012109417,
    0.025084125,
    0.049205042,
    0.099796917,
    0.252273667,
    0.5152099169999999,
    0.999160251,
    2.232140542,
    4.004997085,
    9.182936296
  ]
}
